sample_idx,glass_id,cooling_type,cooling_chunks,fatigue_cycles,label_cooling,label_fatigue,label_fatigue_cont,sample_passed,mean_bond,std_bond,mean_coord,energy_per_atom
0,0,fast,40,0,0,0,0.0000,1,1.12732,0.14961,14.70,-5.9912
1,0,fast,40,200,0,1,0.5000,1,1.12581,0.14296,14.77,-5.8295
2,0,fast,40,400,0,2,1.0000,1,1.13944,0.16505,15.07,-6.6719
3,1,fast,40,0,0,0,0.0000,1,1.12373,0.14601,14.57,-5.9931
4,1,fast,40,200,0,1,0.5000,1,1.12799,0.14874,14.78,-6.0246
5,1,fast,40,400,0,2,1.0000,1,1.12324,0.14250,14.62,-6.0798
6,2,fast,40,0,0,0,0.0000,1,1.13443,0.15850,14.96,-6.4714
7,2,fast,40,200,0,1,0.5000,1,1.12413,0.14450,14.62,-6.1450
8,2,fast,40,400,0,2,1.0000,1,1.12515,0.14526,14.67,-6.0900
9,3,fast,40,0,0,0,0.0000,1,1.12250,0.14458,14.52,-5.9526
10,3,fast,40,200,0,1,0.5000,1,1.13926,0.16378,15.10,-6.1271
11,3,fast,40,400,0,2,1.0000,1,1.13768,0.16160,15.07,-5.9861
12,4,fast,40,0,0,0,0.0000,1,1.12026,0.14157,14.45,-5.9982
13,4,fast,40,200,0,1,0.5000,1,1.12385,0.14278,14.66,-6.1592
14,4,fast,40,400,0,2,1.0000,1,1.12272,0.14233,14.59,-6.1325
15,5,fast,40,0,0,0,0.0000,1,1.12397,0.14632,14.58,-6.0722
16,5,fast,40,200,0,1,0.5000,1,1.14060,0.16578,15.13,-6.1275
17,5,fast,40,400,0,2,1.0000,1,1.14139,0.16603,15.19,-6.0975
18,6,fast,40,0,0,0,0.0000,1,1.12427,0.14601,14.59,-6.0447
19,6,fast,40,200,0,1,0.5000,1,1.12804,0.14819,14.80,-5.9631
20,6,fast,40,400,0,2,1.0000,1,1.12914,0.14942,14.84,-5.9969
21,7,fast,40,0,0,0,0.0000,1,1.12208,0.14683,14.46,-5.9691
22,7,fast,40,200,0,1,0.5000,1,1.12603,0.14595,14.73,-6.0614
23,7,fast,40,400,0,2,1.0000,1,1.12673,0.14719,14.75,-6.0107
24,8,fast,40,0,0,0,0.0000,1,1.12010,0.14275,14.41,-6.0357
25,8,fast,40,200,0,1,0.5000,1,1.13625,0.16091,15.02,-5.9941
26,8,fast,40,400,0,2,1.0000,1,1.13418,0.15904,14.93,-6.0141
27,9,fast,40,0,0,0,0.0000,1,1.12377,0.14439,14.61,-6.5038
28,9,fast,40,200,0,1,0.5000,1,1.12573,0.14626,14.70,-6.0820
29,9,fast,40,400,0,2,1.0000,1,1.12979,0.15078,14.84,-6.0543
30,10,fast,40,0,0,0,0.0000,1,1.12648,0.15017,14.63,-5.9217
31,10,fast,40,200,0,1,0.5000,1,1.12470,0.14427,14.68,-6.1050
32,10,fast,40,400,0,2,1.0000,1,1.12801,0.14851,14.79,-6.0092
33,11,fast,40,0,0,0,0.0000,1,1.12257,0.14553,14.50,-6.0006
34,11,fast,40,200,0,1,0.5000,1,1.12700,0.15052,14.68,-5.3556
35,11,fast,40,400,0,2,1.0000,1,1.13264,0.15770,14.87,-6.0200
36,12,fast,40,0,0,0,0.0000,1,1.12928,0.14945,14.85,-6.7497
37,12,fast,40,200,0,1,0.5000,1,1.12807,0.14776,14.81,-6.0202
38,12,fast,40,400,0,2,1.0000,1,1.12650,0.14562,14.76,-6.1690
39,13,fast,40,0,0,0,0.0000,1,1.12286,0.14611,14.51,-5.9784
40,13,fast,40,200,0,1,0.5000,1,1.13413,0.15581,15.00,-6.0945
41,13,fast,40,400,0,2,1.0000,1,1.13295,0.15456,14.95,-5.9720
42,14,fast,40,0,0,0,0.0000,1,1.12435,0.14779,14.56,-5.9624
43,14,fast,40,200,0,1,0.5000,1,1.14178,0.16714,15.16,-6.6991
44,14,fast,40,400,0,2,1.0000,1,1.14326,0.16838,15.23,-6.6611
45,15,fast,40,0,0,0,0.0000,1,1.11901,0.14027,14.41,-6.0110
46,15,fast,40,200,0,1,0.5000,1,1.13262,0.15533,14.91,-5.8025
47,15,fast,40,400,0,2,1.0000,1,1.13818,0.16184,15.09,-5.9199
48,16,fast,40,0,0,0,0.0000,1,1.12415,0.14710,14.55,-5.9530
49,16,fast,40,200,0,1,0.5000,1,1.13515,0.15840,14.98,-6.1884
50,16,fast,40,400,0,2,1.0000,1,1.13585,0.15910,15.00,-6.3184
51,17,fast,40,0,0,0,0.0000,1,1.12082,0.14340,14.45,-6.0478
52,17,fast,40,200,0,1,0.5000,1,1.13370,0.15608,14.95,-5.9828
53,17,fast,40,400,0,2,1.0000,1,1.13121,0.15417,14.84,-5.8337
54,18,fast,40,0,0,0,0.0000,1,1.12030,0.14005,14.48,-6.0790
55,18,fast,40,200,0,1,0.5000,1,1.13802,0.16401,15.05,-6.0913
56,18,fast,40,400,0,2,1.0000,1,1.13353,0.15645,14.94,-6.2157
57,19,fast,40,0,0,0,0.0000,1,1.12348,0.14735,14.52,-5.9693
58,19,fast,40,200,0,1,0.5000,1,1.12751,0.14780,14.77,-6.0847
59,19,fast,40,400,0,2,1.0000,1,1.12824,0.14881,14.80,-5.9720
60,20,fast,40,0,0,0,0.0000,1,1.11468,0.12910,14.37,-6.5911
61,20,fast,40,200,0,1,0.5000,1,1.12651,0.14617,14.75,-6.1272
62,20,fast,40,400,0,2,1.0000,1,1.12699,0.14732,14.76,-6.0174
63,21,fast,40,0,0,0,0.0000,1,1.12634,0.14871,14.66,-6.0573
64,21,fast,40,200,0,1,0.5000,1,1.12605,0.14365,14.79,-5.9318
65,21,fast,40,400,0,2,1.0000,1,1.12298,0.13985,14.68,-6.0184
66,22,fast,40,0,0,0,0.0000,1,1.11843,0.13912,14.40,-6.0925
67,22,fast,40,200,0,1,0.5000,1,1.14464,0.16977,15.27,-6.7390
68,22,fast,40,400,0,2,1.0000,1,1.14087,0.16614,15.13,-6.7376
69,23,fast,40,0,0,0,0.0000,1,1.12679,0.14998,14.66,-5.9882
70,23,fast,40,200,0,1,0.5000,1,1.12844,0.15019,14.81,-5.9359
71,23,fast,40,400,0,2,1.0000,1,1.12830,0.14816,14.81,-6.0825
72,24,fast,40,0,0,0,0.0000,1,1.12394,0.14646,14.58,-6.0123
73,24,fast,40,200,0,1,0.5000,1,1.12582,0.14614,14.71,-6.0128
74,24,fast,40,400,0,2,1.0000,1,1.12730,0.14782,14.77,-5.9782
75,25,fast,40,0,0,0,0.0000,1,1.10353,0.11251,14.04,-6.6019
76,25,fast,40,200,0,1,0.5000,1,1.12606,0.14627,14.73,-6.0546
77,25,fast,40,400,0,2,1.0000,1,1.12608,0.14605,14.73,-6.0965
78,26,fast,40,0,0,0,0.0000,1,1.11981,0.14198,14.42,-6.0329
79,26,fast,40,200,0,1,0.5000,1,1.12920,0.14958,14.84,-6.0551
80,26,fast,40,400,0,2,1.0000,1,1.12424,0.14366,14.66,-6.1361
81,27,fast,40,0,0,0,0.0000,1,1.12613,0.14807,14.68,-6.1622
82,27,fast,40,200,0,1,0.5000,1,1.12624,0.14767,14.68,-6.0353
83,27,fast,40,400,0,2,1.0000,1,1.12562,0.14650,14.68,-6.0576
84,28,fast,40,0,0,0,0.0000,1,1.11483,0.13344,14.30,-6.2027
85,28,fast,40,200,0,1,0.5000,1,1.12303,0.14177,14.65,-6.0077
86,28,fast,40,400,0,2,1.0000,1,1.12884,0.14809,14.85,-6.0758
87,29,fast,40,0,0,0,0.0000,1,1.12801,0.15093,14.70,-5.9251
88,29,fast,40,200,0,1,0.5000,1,1.13917,0.16540,15.06,-6.0787
89,29,fast,40,400,0,2,1.0000,1,1.14179,0.16729,15.19,-6.1456
90,30,fast,40,0,0,0,0.0000,1,1.11646,0.13269,14.42,-6.7162
91,30,fast,40,200,0,1,0.5000,1,1.13203,0.15333,14.94,-5.9201
92,30,fast,40,400,0,2,1.0000,1,1.12836,0.14896,14.80,-5.9871
93,31,fast,40,0,0,0,0.0000,1,1.12948,0.15345,14.73,-6.0493
94,31,fast,40,200,0,1,0.5000,1,1.12901,0.14963,14.84,-5.9890
95,31,fast,40,400,0,2,1.0000,1,1.12593,0.14608,14.72,-6.0164
96,32,fast,40,0,0,0,0.0000,1,1.12647,0.14949,14.66,-5.9604
97,32,fast,40,200,0,1,0.5000,1,1.13463,0.15830,14.94,-6.3238
98,32,fast,40,400,0,2,1.0000,1,1.13565,0.15929,14.98,-6.2808
99,33,fast,40,0,0,0,0.0000,1,1.12624,0.14865,14.66,-6.0591
100,33,fast,40,200,0,1,0.5000,1,1.13939,0.16348,15.15,-6.1360
101,33,fast,40,400,0,2,1.0000,1,1.12940,0.15326,14.75,-6.2168
102,34,fast,40,0,0,0,0.0000,1,1.12853,0.14848,14.83,-6.7353
103,34,fast,40,200,0,1,0.5000,1,1.12720,0.14673,14.78,-6.1091
104,34,fast,40,400,0,2,1.0000,1,1.12584,0.14585,14.71,-6.1984
105,35,fast,40,0,0,0,0.0000,1,1.12106,0.14341,14.45,-6.0075
106,35,fast,40,200,0,1,0.5000,1,1.14058,0.16626,15.16,-6.1909
107,35,fast,40,400,0,2,1.0000,1,1.13916,0.16427,15.10,-6.1540
108,36,fast,40,0,0,0,0.0000,1,1.10232,0.10879,14.02,-6.6337
109,36,fast,40,200,0,1,0.5000,1,1.12920,0.14923,14.84,-6.0167
110,36,fast,40,400,0,2,1.0000,1,1.12820,0.14827,14.81,-6.0781
111,37,fast,40,0,0,0,0.0000,1,1.12396,0.14536,14.59,-5.9891
112,37,fast,40,200,0,1,0.5000,1,1.12656,0.14634,14.75,-6.1014
113,37,fast,40,400,0,2,1.0000,1,1.12485,0.14492,14.66,-6.0993
114,38,fast,40,0,0,0,0.0000,1,1.12099,0.14307,14.47,-5.9971
115,38,fast,40,200,0,1,0.5000,1,1.12178,0.14114,14.56,-6.1466
116,38,fast,40,400,0,2,1.0000,1,1.12130,0.14020,14.55,-6.0605
117,39,fast,40,0,0,0,0.0000,1,1.11484,0.13176,14.34,-6.3162
118,39,fast,40,200,0,1,0.5000,1,1.11423,0.13045,14.35,-5.9838
119,39,fast,40,400,0,2,1.0000,1,1.12371,0.14294,14.64,-6.1006
120,40,fast,40,0,0,0,0.0000,1,1.10286,0.11021,14.03,-6.6231
121,40,fast,40,200,0,1,0.5000,1,1.12868,0.14922,14.81,-6.0186
122,40,fast,40,400,0,2,1.0000,1,1.13092,0.15122,14.91,-6.0494
123,41,fast,40,0,0,0,0.0000,1,1.12398,0.14632,14.56,-6.0079
124,41,fast,40,200,0,1,0.5000,1,1.13279,0.15678,14.86,-6.3150
125,41,fast,40,400,0,2,1.0000,1,1.13529,0.15899,14.97,-6.2509
126,42,fast,40,0,0,0,0.0000,1,1.13590,0.15645,15.12,-6.7363
127,42,fast,40,200,0,1,0.5000,1,1.13204,0.15268,14.95,-6.0573
128,42,fast,40,400,0,2,1.0000,1,1.12520,0.14491,14.70,-6.0451
129,43,fast,40,0,0,0,0.0000,1,1.12215,0.14466,14.50,-6.0097
130,43,fast,40,200,0,1,0.5000,1,1.12070,0.13875,14.55,-6.1070
131,43,fast,40,400,0,2,1.0000,1,1.12284,0.14163,14.62,-6.1022
132,44,fast,40,0,0,0,0.0000,1,1.12725,0.14671,14.80,-6.6993
133,44,fast,40,200,0,1,0.5000,1,1.12935,0.14980,14.84,-5.9826
134,44,fast,40,400,0,2,1.0000,1,1.12753,0.14813,14.77,-5.9855
135,45,fast,40,0,0,0,0.0000,1,1.12334,0.14594,14.55,-5.9710
136,45,fast,40,200,0,1,0.5000,1,1.12970,0.15396,14.76,-6.1082
137,45,fast,40,400,0,2,1.0000,1,1.13545,0.15947,15.00,-5.9627
138,46,fast,40,0,0,0,0.0000,1,1.12402,0.14623,14.57,-6.1098
139,46,fast,40,200,0,1,0.5000,1,1.12750,0.14757,14.79,-6.0288
140,46,fast,40,400,0,2,1.0000,1,1.12473,0.14400,14.69,-5.9757
141,47,fast,40,0,0,0,0.0000,1,1.11197,0.12787,14.25,-6.4133
142,47,fast,40,200,0,1,0.5000,1,1.11116,0.12933,14.19,-5.6119
143,47,fast,40,400,0,2,1.0000,1,1.11230,0.12920,14.25,-5.6592
144,48,fast,40,0,0,0,0.0000,1,1.12446,0.14640,14.60,-6.0515
145,48,fast,40,200,0,1,0.5000,1,1.12127,0.13805,14.60,-6.0317
146,48,fast,40,400,0,2,1.0000,1,1.12458,0.14125,14.74,-6.0397
147,49,fast,40,0,0,0,0.0000,1,1.12594,0.14972,14.62,-6.0760
148,49,fast,40,200,0,1,0.5000,1,1.12232,0.14062,14.61,-6.0705
149,49,fast,40,400,0,2,1.0000,1,1.12277,0.14155,14.62,-6.0414
150,50,fast,40,0,0,0,0.0000,1,1.12273,0.14529,14.53,-6.0210
151,50,fast,40,200,0,1,0.5000,1,1.12676,0.14683,14.76,-6.0810
152,50,fast,40,400,0,2,1.0000,1,1.12552,0.14533,14.71,-6.0656
153,51,fast,40,0,0,0,0.0000,1,1.12265,0.14413,14.53,-5.9497
154,51,fast,40,200,0,1,0.5000,1,1.12837,0.14749,14.84,-5.8512
155,51,fast,40,400,0,2,1.0000,1,1.12577,0.14445,14.73,-5.8210
156,52,fast,40,0,0,0,0.0000,1,1.12484,0.14759,14.59,-5.9625
157,52,fast,40,200,0,1,0.5000,1,1.13797,0.16214,15.06,-6.0611
158,52,fast,40,400,0,2,1.0000,1,1.13405,0.15760,14.94,-6.0451
159,53,fast,40,0,0,0,0.0000,1,1.10150,0.10751,13.99,-6.6337
160,53,fast,40,200,0,1,0.5000,1,1.12878,0.14964,14.81,-6.0514
161,53,fast,40,400,0,2,1.0000,1,1.12622,0.14624,14.72,-6.0889
162,54,fast,40,0,0,0,0.0000,1,1.12227,0.14525,14.49,-5.9235
163,54,fast,40,200,0,1,0.5000,1,1.12884,0.14905,14.84,-6.1004
164,54,fast,40,400,0,2,1.0000,1,1.12795,0.14777,14.80,-6.1683
165,55,fast,40,0,0,0,0.0000,1,1.12180,0.14422,14.49,-5.9957
166,55,fast,40,200,0,1,0.5000,1,1.14158,0.16759,15.14,-6.2061
167,55,fast,40,400,0,2,1.0000,1,1.14330,0.16919,15.23,-6.1067
168,56,fast,40,0,0,0,0.0000,1,1.12421,0.14685,14.57,-5.9894
169,56,fast,40,200,0,1,0.5000,1,1.11922,0.13795,14.49,-5.6366
170,56,fast,40,400,0,2,1.0000,1,1.11806,0.13619,14.45,-5.5984
171,57,fast,40,0,0,0,0.0000,1,1.12375,0.14778,14.52,-5.8851
172,57,fast,40,200,0,1,0.5000,1,1.13786,0.16279,15.03,-6.2624
173,57,fast,40,400,0,2,1.0000,1,1.13837,0.16347,15.03,-6.1253
174,58,fast,40,0,0,0,0.0000,1,1.13074,0.15328,14.81,-6.0656
175,58,fast,40,200,0,1,0.5000,1,1.14025,0.16466,15.14,-6.0430
176,58,fast,40,400,0,2,1.0000,1,1.13772,0.16182,15.06,-6.0665
177,59,fast,40,0,0,0,0.0000,1,1.11991,0.14214,14.43,-5.9724
178,59,fast,40,200,0,1,0.5000,1,1.12321,0.14286,14.62,-6.0445
179,59,fast,40,400,0,2,1.0000,1,1.12698,0.14659,14.77,-6.1316
180,60,fast,40,0,0,0,0.0000,1,1.12209,0.14502,14.48,-5.9167
181,60,fast,40,200,0,1,0.5000,1,1.12017,0.14107,14.49,-5.5545
182,60,fast,40,400,0,2,1.0000,1,1.12323,0.14481,14.60,-5.4881
183,61,fast,40,0,0,0,0.0000,1,1.12354,0.14622,14.55,-6.0449
184,61,fast,40,200,0,1,0.5000,1,1.13325,0.15359,15.01,-6.0227
185,61,fast,40,400,0,2,1.0000,1,1.13135,0.15277,14.91,-6.0519
186,62,fast,40,0,0,0,0.0000,1,1.12347,0.14676,14.53,-5.8917
187,62,fast,40,200,0,1,0.5000,1,1.13239,0.15662,14.84,-6.3219
188,62,fast,40,400,0,2,1.0000,1,1.13361,0.15701,14.91,-6.2663
189,63,fast,40,0,0,0,0.0000,1,1.12042,0.14067,14.48,-6.5546
190,63,fast,40,200,0,1,0.5000,1,1.13099,0.15428,14.84,-5.8565
191,63,fast,40,400,0,2,1.0000,1,1.12856,0.15039,14.78,-5.8886
192,64,fast,40,0,0,0,0.0000,1,1.12222,0.14034,14.62,-6.6800
193,64,fast,40,200,0,1,0.5000,1,1.12691,0.14732,14.74,-6.0591
194,64,fast,40,400,0,2,1.0000,1,1.12407,0.14385,14.65,-6.1406
195,65,fast,40,0,0,0,0.0000,1,1.12484,0.14764,14.60,-6.0294
196,65,fast,40,200,0,1,0.5000,1,1.12655,0.14673,14.72,-6.2476
197,65,fast,40,400,0,2,1.0000,1,1.12594,0.14608,14.70,-6.1195
198,66,fast,40,0,0,0,0.0000,1,1.12300,0.14448,14.55,-6.0177
199,66,fast,40,200,0,1,0.5000,1,1.12701,0.14733,14.75,-5.9900
200,66,fast,40,400,0,2,1.0000,1,1.12918,0.14961,14.84,-6.0621
201,67,fast,40,0,0,0,0.0000,1,1.12304,0.14586,14.52,-6.0019
202,67,fast,40,200,0,1,0.5000,1,1.14682,0.17127,15.38,-6.7247
203,67,fast,40,400,0,2,1.0000,1,1.14605,0.17059,15.35,-6.6584
204,68,fast,40,0,0,0,0.0000,1,1.12301,0.14493,14.55,-6.0191
205,68,fast,40,200,0,1,0.5000,1,1.13089,0.15376,14.86,-5.9261
206,68,fast,40,400,0,2,1.0000,1,1.14007,0.16600,15.09,-6.1815
207,69,fast,40,0,0,0,0.0000,1,1.12597,0.14994,14.61,-5.9950
208,69,fast,40,200,0,1,0.5000,1,1.12826,0.14808,14.81,-5.7726
209,69,fast,40,400,0,2,1.0000,1,1.12731,0.14815,14.75,-5.7299
210,70,fast,40,0,0,0,0.0000,1,1.12119,0.14383,14.48,-5.9363
211,70,fast,40,200,0,1,0.5000,1,1.14181,0.16722,15.20,-6.0324
212,70,fast,40,400,0,2,1.0000,1,1.14152,0.16637,15.20,-6.1702
213,71,fast,40,0,0,0,0.0000,1,1.12378,0.14626,14.55,-5.9606
214,71,fast,40,200,0,1,0.5000,1,1.13343,0.15670,14.92,-6.2252
215,71,fast,40,400,0,2,1.0000,1,1.13376,0.15733,14.92,-6.3095
216,72,fast,40,0,0,0,0.0000,1,1.12602,0.14989,14.62,-6.0156
217,72,fast,40,200,0,1,0.5000,1,1.13067,0.15383,14.84,-5.4833
218,72,fast,40,400,0,2,1.0000,1,1.12684,0.14944,14.70,-5.5251
219,73,fast,40,0,0,0,0.0000,1,1.12537,0.14787,14.62,-5.9863
220,73,fast,40,200,0,1,0.5000,1,1.12834,0.14877,14.80,-5.9889
221,73,fast,40,400,0,2,1.0000,1,1.13019,0.15036,14.89,-5.9557
222,74,fast,40,0,0,0,0.0000,1,1.12407,0.14600,14.59,-5.9564
223,74,fast,40,200,0,1,0.5000,1,1.12544,0.14484,14.71,-6.0704
224,74,fast,40,400,0,2,1.0000,1,1.12658,0.14675,14.74,-6.0800
225,75,fast,40,0,0,0,0.0000,1,1.12090,0.14378,14.45,-5.9132
226,75,fast,40,200,0,1,0.5000,1,1.14289,0.16792,15.23,-6.1420
227,75,fast,40,400,0,2,1.0000,1,1.13865,0.16381,15.06,-6.0876
228,76,fast,40,0,0,0,0.0000,1,1.12163,0.14525,14.47,-5.9878
229,76,fast,40,200,0,1,0.5000,1,1.12891,0.15052,14.81,-5.9878
230,76,fast,40,400,0,2,1.0000,1,1.12648,0.14796,14.70,-5.9709
231,77,fast,40,0,0,0,0.0000,1,1.13538,0.15957,15.00,-6.4573
232,77,fast,40,200,0,1,0.5000,1,1.12214,0.14192,14.59,-5.9467
233,77,fast,40,400,0,2,1.0000,1,1.12028,0.13894,14.52,-6.1230
234,78,fast,40,0,0,0,0.0000,1,1.12082,0.14418,14.43,-5.9217
235,78,fast,40,200,0,1,0.5000,1,1.13138,0.15260,14.91,-6.0166
236,78,fast,40,400,0,2,1.0000,1,1.12850,0.14903,14.81,-6.1136
237,79,fast,40,0,0,0,0.0000,1,1.12295,0.14526,14.54,-6.0917
238,79,fast,40,200,0,1,0.5000,1,1.12723,0.14766,14.77,-5.9193
239,79,fast,40,400,0,2,1.0000,1,1.13123,0.15183,14.91,-6.0675
240,80,fast,40,0,0,0,0.0000,1,1.12426,0.14762,14.56,-5.9579
241,80,fast,40,200,0,1,0.5000,1,1.13724,0.16091,15.04,-6.3005
242,80,fast,40,400,0,2,1.0000,1,1.13206,0.15568,14.85,-6.2586
243,81,fast,40,0,0,0,0.0000,1,1.12496,0.14739,14.62,-6.0616
244,81,fast,40,200,0,1,0.5000,1,1.13558,0.15947,14.98,-6.3017
245,81,fast,40,400,0,2,1.0000,1,1.13274,0.15653,14.88,-6.2473
246,82,fast,40,0,0,0,0.0000,1,1.12567,0.14909,14.62,-5.9384
247,82,fast,40,200,0,1,0.5000,1,1.13349,0.15409,14.98,-5.9741
248,82,fast,40,400,0,2,1.0000,1,1.13008,0.14851,14.93,-6.0696
249,83,fast,40,0,0,0,0.0000,1,1.12962,0.15298,14.76,-5.9993
250,83,fast,40,200,0,1,0.5000,1,1.12571,0.14470,14.73,-6.0926
251,83,fast,40,400,0,2,1.0000,1,1.12554,0.14642,14.67,-6.0474
252,84,fast,40,0,0,0,0.0000,1,1.12539,0.14778,14.62,-6.0796
253,84,fast,40,200,0,1,0.5000,1,1.12572,0.14572,14.73,-6.0061
254,84,fast,40,400,0,2,1.0000,1,1.12504,0.14502,14.70,-6.0371
255,85,fast,40,0,0,0,0.0000,1,1.12120,0.14398,14.46,-5.9352
256,85,fast,40,200,0,1,0.5000,1,1.12565,0.14609,14.70,-6.1348
257,85,fast,40,400,0,2,1.0000,1,1.12879,0.14951,14.81,-6.1191
258,86,fast,40,0,0,0,0.0000,1,1.12284,0.14371,14.55,-6.1387
259,86,fast,40,200,0,1,0.5000,1,1.12538,0.14608,14.66,-6.1624
260,86,fast,40,400,0,2,1.0000,1,1.12474,0.14509,14.65,-6.0735
261,87,fast,40,0,0,0,0.0000,1,1.12207,0.14376,14.52,-6.0677
262,87,fast,40,200,0,1,0.5000,1,1.13365,0.15821,14.91,-6.1143
263,87,fast,40,400,0,2,1.0000,1,1.13565,0.15894,15.02,-6.2003
264,88,fast,40,0,0,0,0.0000,1,1.12258,0.14650,14.49,-5.9355
265,88,fast,40,200,0,1,0.5000,1,1.14454,0.16954,15.28,-6.1965
266,88,fast,40,400,0,2,1.0000,1,1.14060,0.16641,15.12,-6.1313
267,89,fast,40,0,0,0,0.0000,1,1.12205,0.14517,14.48,-5.9409
268,89,fast,40,200,0,1,0.5000,1,1.12199,0.14120,14.60,-6.0246
269,89,fast,40,400,0,2,1.0000,1,1.12434,0.14381,14.66,-6.0440
270,90,fast,40,0,0,0,0.0000,1,1.12007,0.14272,14.41,-6.0005
271,90,fast,40,200,0,1,0.5000,1,1.13391,0.15574,14.98,-6.0048
272,90,fast,40,400,0,2,1.0000,1,1.13421,0.15621,15.00,-5.9065
273,91,fast,40,0,0,0,0.0000,1,1.12171,0.14331,14.50,-6.0148
274,91,fast,40,200,0,1,0.5000,1,1.12729,0.14791,14.77,-5.7557
275,91,fast,40,400,0,2,1.0000,1,1.12623,0.14657,14.73,-5.8213
276,92,fast,40,0,0,0,0.0000,1,1.12681,0.14994,14.66,-5.9985
277,92,fast,40,200,0,1,0.5000,1,1.12187,0.14429,14.51,-5.4288
278,92,fast,40,400,0,2,1.0000,1,1.13687,0.16275,14.99,-6.0682
279,93,fast,40,0,0,0,0.0000,1,1.11645,0.13324,14.38,-6.5588
280,93,fast,40,200,0,1,0.5000,1,1.12319,0.14310,14.60,-5.8111
281,93,fast,40,400,0,2,1.0000,1,1.12598,0.14752,14.67,-5.8217
282,94,fast,40,0,0,0,0.0000,1,1.12438,0.14565,14.61,-6.0203
283,94,fast,40,200,0,1,0.5000,1,1.13212,0.15572,14.85,-6.2378
284,94,fast,40,400,0,2,1.0000,1,1.13495,0.15828,14.97,-6.2912
285,95,fast,40,0,0,0,0.0000,1,1.12267,0.14575,14.50,-5.9551
286,95,fast,40,200,0,1,0.5000,1,1.13799,0.16405,15.02,-6.1204
287,95,fast,40,400,0,2,1.0000,1,1.14067,0.16599,15.15,-6.2536
288,96,fast,40,0,0,0,0.0000,1,1.12248,0.14419,14.52,-5.9865
289,96,fast,40,200,0,1,0.5000,1,1.13220,0.15590,14.88,-6.0226
290,96,fast,40,400,0,2,1.0000,1,1.13207,0.15637,14.88,-5.8828
291,97,fast,40,0,0,0,0.0000,1,1.12051,0.14329,14.44,-6.0610
292,97,fast,40,200,0,1,0.5000,1,1.11920,0.13831,14.48,-5.5385
293,97,fast,40,400,0,2,1.0000,1,1.11858,0.13617,14.48,-5.5904
294,98,fast,40,0,0,0,0.0000,1,1.13393,0.16003,14.88,-6.7442
295,98,fast,40,200,0,1,0.5000,1,1.13406,0.15752,14.92,-6.3628
296,98,fast,40,400,0,2,1.0000,1,1.13264,0.15571,14.88,-6.2414
297,99,fast,40,0,0,0,0.0000,1,1.12446,0.14787,14.56,-6.0234
298,99,fast,40,200,0,1,0.5000,1,1.12034,0.13905,14.52,-5.9896
299,99,fast,40,400,0,2,1.0000,1,1.12573,0.14502,14.72,-6.1783
300,0,slow,4000,0,1,0,0.0000,1,1.12613,0.14430,14.75,-6.8203
301,0,slow,4000,200,1,1,0.5000,1,1.12757,0.14769,14.77,-6.1539
302,0,slow,4000,400,1,2,1.0000,1,1.13065,0.15145,14.89,-5.9777
303,1,slow,4000,0,1,0,0.0000,1,1.13364,0.15297,15.01,-6.3999
304,1,slow,4000,200,1,1,0.5000,1,1.13211,0.15538,14.88,-5.8643
305,1,slow,4000,400,1,2,1.0000,1,1.13658,0.16209,14.99,-5.9657
306,2,slow,4000,0,1,0,0.0000,1,1.12546,0.14359,14.73,-6.8134
307,2,slow,4000,200,1,1,0.5000,1,1.12409,0.14390,14.65,-6.0095
308,2,slow,4000,400,1,2,1.0000,1,1.12710,0.14729,14.75,-6.0818
309,3,slow,4000,0,1,0,0.0000,1,1.13239,0.15148,14.98,-6.7840
310,3,slow,4000,200,1,1,0.5000,1,1.12662,0.14643,14.76,-6.0785
311,3,slow,4000,400,1,2,1.0000,1,1.13396,0.15462,15.03,-5.9601
312,4,slow,4000,0,1,0,0.0000,1,1.11379,0.12802,14.34,-6.7226
313,4,slow,4000,200,1,1,0.5000,1,1.11011,0.12420,14.22,-5.9464
314,4,slow,4000,400,1,2,1.0000,1,1.12340,0.14304,14.62,-6.1071
315,5,slow,4000,0,1,0,0.0000,1,1.12671,0.14492,14.77,-6.8423
316,5,slow,4000,200,1,1,0.5000,1,1.12921,0.14901,14.86,-6.0625
317,5,slow,4000,400,1,2,1.0000,1,1.12529,0.14482,14.70,-6.1769
318,6,slow,4000,0,1,0,0.0000,1,1.13034,0.14956,14.90,-6.7938
319,6,slow,4000,200,1,1,0.5000,1,1.12895,0.14928,14.84,-6.0367
320,6,slow,4000,400,1,2,1.0000,1,1.12426,0.14349,14.67,-6.0294
321,7,slow,4000,0,1,0,0.0000,1,1.11100,0.12776,14.18,-6.4473
322,7,slow,4000,200,1,1,0.5000,1,1.11536,0.13441,14.34,-5.6874
323,7,slow,4000,400,1,2,1.0000,1,1.11597,0.13603,14.34,-5.6722
324,8,slow,4000,0,1,0,0.0000,1,1.12265,0.14035,14.62,-6.8159
325,8,slow,4000,200,1,1,0.5000,1,1.12721,0.14735,14.77,-6.0630
326,8,slow,4000,400,1,2,1.0000,1,1.12402,0.14389,14.65,-6.0561
327,9,slow,4000,0,1,0,0.0000,1,1.14345,0.16942,15.16,-6.9349
328,9,slow,4000,200,1,1,0.5000,1,1.13574,0.16183,14.91,-6.1912
329,9,slow,4000,400,1,2,1.0000,1,1.13925,0.16473,15.06,-6.1080
330,10,slow,4000,0,1,0,0.0000,1,1.12378,0.14151,14.66,-6.8082
331,10,slow,4000,200,1,1,0.5000,1,1.12756,0.14708,14.80,-5.9569
332,10,slow,4000,400,1,2,1.0000,1,1.12663,0.14674,14.74,-6.0771
333,11,slow,4000,0,1,0,0.0000,1,1.12609,0.14430,14.75,-6.8002
334,11,slow,4000,200,1,1,0.5000,1,1.12538,0.14509,14.70,-6.0198
335,11,slow,4000,400,1,2,1.0000,1,1.12187,0.14099,14.57,-6.1415
336,12,slow,4000,0,1,0,0.0000,1,1.12660,0.14496,14.77,-6.8155
337,12,slow,4000,200,1,1,0.5000,1,1.12191,0.13988,14.60,-6.0937
338,12,slow,4000,400,1,2,1.0000,1,1.12515,0.14478,14.69,-6.0917
339,13,slow,4000,0,1,0,0.0000,1,1.13212,0.15191,14.97,-6.7677
340,13,slow,4000,200,1,1,0.5000,1,1.12781,0.14815,14.79,-6.0405
341,13,slow,4000,400,1,2,1.0000,1,1.12457,0.14481,14.67,-6.0663
342,14,slow,4000,0,1,0,0.0000,1,1.12525,0.14328,14.72,-6.8210
343,14,slow,4000,200,1,1,0.5000,1,1.12830,0.14890,14.80,-6.1026
344,14,slow,4000,400,1,2,1.0000,1,1.12875,0.14876,14.83,-6.1140
345,15,slow,4000,0,1,0,0.0000,1,1.13010,0.15460,14.72,-7.0194
346,15,slow,4000,200,1,1,0.5000,1,1.13413,0.15756,14.94,-6.2656
347,15,slow,4000,400,1,2,1.0000,1,1.13396,0.15732,14.94,-6.1929
348,16,slow,4000,0,1,0,0.0000,1,1.12681,0.14523,14.77,-6.8063
349,16,slow,4000,200,1,1,0.5000,1,1.12874,0.14914,14.83,-6.0982
350,16,slow,4000,400,1,2,1.0000,1,1.12649,0.14617,14.75,-6.0456
351,17,slow,4000,0,1,0,0.0000,1,1.12555,0.14374,14.73,-6.8084
352,17,slow,4000,200,1,1,0.5000,1,1.12381,0.14321,14.65,-6.1053
353,17,slow,4000,400,1,2,1.0000,1,1.12623,0.14643,14.73,-6.0085
354,18,slow,4000,0,1,0,0.0000,1,1.12579,0.14427,14.73,-6.7466
355,18,slow,4000,200,1,1,0.5000,1,1.11612,0.13332,14.41,-5.9975
356,18,slow,4000,400,1,2,1.0000,1,1.12865,0.14902,14.82,-6.0540
357,19,slow,4000,0,1,0,0.0000,1,1.12740,0.14583,14.80,-6.8121
358,19,slow,4000,200,1,1,0.5000,1,1.12550,0.14503,14.71,-6.1018
359,19,slow,4000,400,1,2,1.0000,1,1.12515,0.14446,14.71,-6.1151
360,20,slow,4000,0,1,0,0.0000,1,1.12440,0.14255,14.68,-6.8133
361,20,slow,4000,200,1,1,0.5000,1,1.12881,0.14870,14.83,-6.1775
362,20,slow,4000,400,1,2,1.0000,1,1.12550,0.14500,14.72,-6.0938
363,21,slow,4000,0,1,0,0.0000,1,1.12567,0.14387,14.73,-6.8120
364,21,slow,4000,200,1,1,0.5000,1,1.12755,0.14718,14.79,-6.1023
365,21,slow,4000,400,1,2,1.0000,1,1.12591,0.14554,14.72,-6.1556
366,22,slow,4000,0,1,0,0.0000,1,1.12411,0.14295,14.65,-6.3982
367,22,slow,4000,200,1,1,0.5000,1,1.13517,0.15883,14.97,-6.2865
368,22,slow,4000,400,1,2,1.0000,1,1.13581,0.15947,14.99,-6.2824
369,23,slow,4000,0,1,0,0.0000,1,1.12586,0.14428,14.73,-6.8285
370,23,slow,4000,200,1,1,0.5000,1,1.12661,0.14634,14.75,-6.1020
371,23,slow,4000,400,1,2,1.0000,1,1.12428,0.14358,14.66,-6.1847
372,24,slow,4000,0,1,0,0.0000,1,1.11655,0.13221,14.42,-6.7356
373,24,slow,4000,200,1,1,0.5000,1,1.13245,0.15280,14.98,-6.1110
374,24,slow,4000,400,1,2,1.0000,1,1.13029,0.15086,14.88,-6.0810
375,25,slow,4000,0,1,0,0.0000,1,1.12446,0.14237,14.69,-6.8321
376,25,slow,4000,200,1,1,0.5000,1,1.12850,0.14869,14.83,-6.0371
377,25,slow,4000,400,1,2,1.0000,1,1.12729,0.14786,14.77,-6.1098
378,26,slow,4000,0,1,0,0.0000,1,1.12380,0.14238,14.65,-6.7438
379,26,slow,4000,200,1,1,0.5000,1,1.13016,0.15009,14.90,-5.9961
380,26,slow,4000,400,1,2,1.0000,1,1.12926,0.14929,14.85,-6.0296
381,27,slow,4000,0,1,0,0.0000,1,1.13003,0.15141,14.83,-6.5887
382,27,slow,4000,200,1,1,0.5000,1,1.12919,0.15112,14.80,-5.6629
383,27,slow,4000,400,1,2,1.0000,1,1.13316,0.15684,14.90,-5.8262
384,28,slow,4000,0,1,0,0.0000,1,1.13109,0.15025,14.93,-6.7797
385,28,slow,4000,200,1,1,0.5000,1,1.12880,0.14889,14.84,-6.0532
386,28,slow,4000,400,1,2,1.0000,1,1.13096,0.15131,14.92,-6.0970
387,29,slow,4000,0,1,0,0.0000,1,1.12636,0.14468,14.76,-6.8140
388,29,slow,4000,200,1,1,0.5000,1,1.12467,0.14392,14.68,-6.0571
389,29,slow,4000,400,1,2,1.0000,1,1.12430,0.14360,14.67,-6.0637
390,30,slow,4000,0,1,0,0.0000,1,1.12624,0.14417,14.77,-6.8047
391,30,slow,4000,200,1,1,0.5000,1,1.12789,0.14758,14.81,-6.0871
392,30,slow,4000,400,1,2,1.0000,1,1.12860,0.14901,14.82,-6.0047
393,31,slow,4000,0,1,0,0.0000,1,1.11571,0.13061,14.40,-6.7382
394,31,slow,4000,200,1,1,0.5000,1,1.12123,0.14035,14.56,-6.0470
395,31,slow,4000,400,1,2,1.0000,1,1.13189,0.15306,14.94,-6.0125
396,32,slow,4000,0,1,0,0.0000,1,1.12690,0.14516,14.78,-6.8225
397,32,slow,4000,200,1,1,0.5000,1,1.12612,0.14639,14.72,-6.0883
398,32,slow,4000,400,1,2,1.0000,1,1.12676,0.14681,14.76,-6.0346
399,33,slow,4000,0,1,0,0.0000,1,1.12591,0.14417,14.74,-6.7991
400,33,slow,4000,200,1,1,0.5000,1,1.12933,0.14934,14.85,-6.1143
401,33,slow,4000,400,1,2,1.0000,1,1.12413,0.14347,14.66,-6.1668
402,34,slow,4000,0,1,0,0.0000,1,1.12611,0.14445,14.75,-6.7955
403,34,slow,4000,200,1,1,0.5000,1,1.12760,0.14739,14.78,-6.1571
404,34,slow,4000,400,1,2,1.0000,1,1.12525,0.14509,14.70,-6.1562
405,35,slow,4000,0,1,0,0.0000,1,1.13036,0.15807,14.70,-6.7418
406,35,slow,4000,200,1,1,0.5000,1,1.13183,0.15859,14.79,-6.0149
407,35,slow,4000,400,1,2,1.0000,1,1.13394,0.16097,14.86,-6.0157
408,36,slow,4000,0,1,0,0.0000,1,1.12739,0.14552,14.80,-6.8335
409,36,slow,4000,200,1,1,0.5000,1,1.12425,0.14298,14.68,-6.1114
410,36,slow,4000,400,1,2,1.0000,1,1.12485,0.14457,14.68,-6.1112
411,37,slow,4000,0,1,0,0.0000,1,1.13069,0.15066,14.91,-6.7503
412,37,slow,4000,200,1,1,0.5000,1,1.12811,0.14834,14.80,-6.0796
413,37,slow,4000,400,1,2,1.0000,1,1.12768,0.14809,14.78,-6.0508
414,38,slow,4000,0,1,0,0.0000,1,1.13433,0.15488,15.01,-6.4583
415,38,slow,4000,200,1,1,0.5000,1,1.13431,0.15761,14.95,-6.2309
416,38,slow,4000,400,1,2,1.0000,1,1.13363,0.15746,14.91,-6.2116
417,39,slow,4000,0,1,0,0.0000,1,1.12533,0.14344,14.72,-6.8190
418,39,slow,4000,200,1,1,0.5000,1,1.12408,0.14318,14.66,-6.1279
419,39,slow,4000,400,1,2,1.0000,1,1.12840,0.14881,14.80,-6.0960
420,40,slow,4000,0,1,0,0.0000,1,1.12399,0.14212,14.66,-6.8097
421,40,slow,4000,200,1,1,0.5000,1,1.12783,0.14809,14.78,-6.1536
422,40,slow,4000,400,1,2,1.0000,1,1.11964,0.13762,14.51,-6.0699
423,41,slow,4000,0,1,0,0.0000,1,1.12176,0.13971,14.59,-6.7469
424,41,slow,4000,200,1,1,0.5000,1,1.12707,0.14768,14.75,-6.0753
425,41,slow,4000,400,1,2,1.0000,1,1.12669,0.14703,14.74,-6.0509
426,42,slow,4000,0,1,0,0.0000,1,1.12739,0.14529,14.81,-6.8043
427,42,slow,4000,200,1,1,0.5000,1,1.12680,0.14684,14.75,-6.0230
428,42,slow,4000,400,1,2,1.0000,1,1.12683,0.14739,14.74,-6.0410
429,43,slow,4000,0,1,0,0.0000,1,1.12853,0.14736,14.84,-6.8021
430,43,slow,4000,200,1,1,0.5000,1,1.13186,0.15228,14.95,-6.0435
431,43,slow,4000,400,1,2,1.0000,1,1.12990,0.15017,14.87,-6.0583
432,44,slow,4000,0,1,0,0.0000,1,1.13410,0.15754,14.91,-7.0119
433,44,slow,4000,200,1,1,0.5000,1,1.13318,0.15683,14.89,-6.3810
434,44,slow,4000,400,1,2,1.0000,1,1.13449,0.15864,14.93,-6.2542
435,45,slow,4000,0,1,0,0.0000,1,1.12842,0.15328,14.64,-7.0251
436,45,slow,4000,200,1,1,0.5000,1,1.13437,0.15774,14.95,-6.2906
437,45,slow,4000,400,1,2,1.0000,1,1.13408,0.15769,14.92,-6.2897
438,46,slow,4000,0,1,0,0.0000,1,1.12533,0.14385,14.71,-6.7608
439,46,slow,4000,200,1,1,0.5000,1,1.12543,0.14558,14.69,-6.1273
440,46,slow,4000,400,1,2,1.0000,1,1.12786,0.14880,14.77,-5.9941
441,47,slow,4000,0,1,0,0.0000,1,1.13258,0.15658,14.83,-7.0092
442,47,slow,4000,200,1,1,0.5000,1,1.13535,0.15916,14.97,-6.2873
443,47,slow,4000,400,1,2,1.0000,1,1.13710,0.16065,15.05,-6.2510
444,48,slow,4000,0,1,0,0.0000,1,1.13396,0.15397,15.01,-6.4428
445,48,slow,4000,200,1,1,0.5000,1,1.13324,0.15759,14.87,-6.3800
446,48,slow,4000,400,1,2,1.0000,1,1.13671,0.16031,15.02,-6.2924
447,49,slow,4000,0,1,0,0.0000,1,1.13233,0.15195,14.97,-6.7924
448,49,slow,4000,200,1,1,0.5000,1,1.13045,0.15074,14.90,-6.0277
449,49,slow,4000,400,1,2,1.0000,1,1.12967,0.15049,14.86,-6.0487
450,50,slow,4000,0,1,0,0.0000,1,1.12660,0.14474,14.77,-6.8131
451,50,slow,4000,200,1,1,0.5000,1,1.12873,0.14892,14.83,-6.0165
452,50,slow,4000,400,1,2,1.0000,1,1.12610,0.14650,14.71,-6.0237
453,51,slow,4000,0,1,0,0.0000,1,1.11709,0.13289,14.45,-6.7407
454,51,slow,4000,200,1,1,0.5000,1,1.13011,0.14951,14.91,-6.1836
455,51,slow,4000,400,1,2,1.0000,1,1.12557,0.14460,14.73,-6.0524
456,52,slow,4000,0,1,0,0.0000,1,1.13425,0.15807,14.90,-7.0070
457,52,slow,4000,200,1,1,0.5000,1,1.13599,0.15938,15.01,-6.3056
458,52,slow,4000,400,1,2,1.0000,1,1.13560,0.15935,14.98,-6.3316
459,53,slow,4000,0,1,0,0.0000,1,1.12332,0.14147,14.63,-6.7583
460,53,slow,4000,200,1,1,0.5000,1,1.12635,0.14638,14.74,-6.0670
461,53,slow,4000,400,1,2,1.0000,1,1.12395,0.14381,14.63,-6.1236
462,54,slow,4000,0,1,0,0.0000,1,1.12770,0.14578,14.82,-6.7993
463,54,slow,4000,200,1,1,0.5000,1,1.12382,0.14284,14.65,-6.1041
464,54,slow,4000,400,1,2,1.0000,1,1.12905,0.14939,14.84,-6.0614
465,55,slow,4000,0,1,0,0.0000,1,1.12743,0.14588,14.80,-6.8158
466,55,slow,4000,200,1,1,0.5000,1,1.12363,0.14316,14.64,-6.0449
467,55,slow,4000,400,1,2,1.0000,1,1.12625,0.14572,14.74,-6.1325
468,56,slow,4000,0,1,0,0.0000,1,1.13313,0.15333,15.00,-6.7555
469,56,slow,4000,200,1,1,0.5000,1,1.12580,0.14549,14.72,-6.0129
470,56,slow,4000,400,1,2,1.0000,1,1.12443,0.14424,14.66,-6.0390
471,57,slow,4000,0,1,0,0.0000,1,1.12515,0.14312,14.72,-6.7941
472,57,slow,4000,200,1,1,0.5000,1,1.12716,0.14712,14.77,-6.0811
473,57,slow,4000,400,1,2,1.0000,1,1.12485,0.14490,14.67,-6.0797
474,58,slow,4000,0,1,0,0.0000,1,1.12584,0.14433,14.73,-6.8023
475,58,slow,4000,200,1,1,0.5000,1,1.12666,0.14613,14.77,-5.9927
476,58,slow,4000,400,1,2,1.0000,1,1.12718,0.14724,14.77,-6.1113
477,59,slow,4000,0,1,0,0.0000,1,1.13074,0.15154,14.86,-6.4608
478,59,slow,4000,200,1,1,0.5000,1,1.13512,0.15880,14.96,-6.3470
479,59,slow,4000,400,1,2,1.0000,1,1.13505,0.15837,14.97,-6.2897
480,60,slow,4000,0,1,0,0.0000,1,1.12678,0.14488,14.78,-6.8040
481,60,slow,4000,200,1,1,0.5000,1,1.12645,0.14675,14.73,-5.9908
482,60,slow,4000,400,1,2,1.0000,1,1.12706,0.14704,14.77,-6.0155
483,61,slow,4000,0,1,0,0.0000,1,1.13158,0.15094,14.93,-6.3511
484,61,slow,4000,200,1,1,0.5000,1,1.13496,0.15837,14.97,-6.2508
485,61,slow,4000,400,1,2,1.0000,1,1.13631,0.16010,15.01,-6.2689
486,62,slow,4000,0,1,0,0.0000,1,1.13097,0.15082,14.92,-6.7332
487,62,slow,4000,200,1,1,0.5000,1,1.11721,0.13381,14.46,-5.9473
488,62,slow,4000,400,1,2,1.0000,1,1.12738,0.14802,14.79,-6.0154
489,63,slow,4000,0,1,0,0.0000,1,1.12544,0.14316,14.73,-6.8231
490,63,slow,4000,200,1,1,0.5000,1,1.12972,0.14998,14.86,-6.0503
491,63,slow,4000,400,1,2,1.0000,1,1.12358,0.14246,14.66,-5.9900
492,64,slow,4000,0,1,0,0.0000,1,1.11131,0.12771,14.20,-6.4645
493,64,slow,4000,200,1,1,0.5000,1,1.11274,0.13054,14.27,-5.6812
494,64,slow,4000,400,1,2,1.0000,1,1.11419,0.13275,14.30,-5.7076
495,65,slow,4000,0,1,0,0.0000,1,1.13172,0.15624,14.78,-7.0010
496,65,slow,4000,200,1,1,0.5000,1,1.13570,0.15918,14.98,-6.3153
497,65,slow,4000,400,1,2,1.0000,1,1.13647,0.16022,15.01,-6.3219
498,66,slow,4000,0,1,0,0.0000,1,1.13605,0.16332,14.92,-6.7716
499,66,slow,4000,200,1,1,0.5000,1,1.13599,0.16277,14.95,-6.1365
500,66,slow,4000,400,1,2,1.0000,1,1.13245,0.15890,14.81,-5.9899
501,67,slow,4000,0,1,0,0.0000,1,1.12629,0.14451,14.76,-6.8125
502,67,slow,4000,200,1,1,0.5000,1,1.12500,0.14476,14.69,-6.0990
503,67,slow,4000,400,1,2,1.0000,1,1.12399,0.14379,14.64,-6.0663
504,68,slow,4000,0,1,0,0.0000,1,1.13826,0.16460,15.02,-6.6242
505,68,slow,4000,200,1,1,0.5000,1,1.13338,0.15804,14.88,-5.9196
506,68,slow,4000,400,1,2,1.0000,1,1.13503,0.16030,14.93,-5.8493
507,69,slow,4000,0,1,0,0.0000,1,1.12506,0.14316,14.71,-6.8037
508,69,slow,4000,200,1,1,0.5000,1,1.12784,0.14774,14.80,-6.1011
509,69,slow,4000,400,1,2,1.0000,1,1.12617,0.14483,14.76,-6.0407
510,70,slow,4000,0,1,0,0.0000,1,1.12330,0.14094,14.65,-6.7921
511,70,slow,4000,200,1,1,0.5000,1,1.12803,0.14820,14.79,-6.1343
512,70,slow,4000,400,1,2,1.0000,1,1.12476,0.14418,14.69,-6.1046
513,71,slow,4000,0,1,0,0.0000,1,1.14002,0.16181,15.18,-6.4661
514,71,slow,4000,200,1,1,0.5000,1,1.13502,0.15770,15.00,-5.7331
515,71,slow,4000,400,1,2,1.0000,1,1.13414,0.15713,14.95,-6.3676
516,72,slow,4000,0,1,0,0.0000,1,1.12798,0.14630,14.83,-6.8169
517,72,slow,4000,200,1,1,0.5000,1,1.12823,0.14794,14.82,-5.9663
518,72,slow,4000,400,1,2,1.0000,1,1.12623,0.14606,14.73,-6.0773
519,73,slow,4000,0,1,0,0.0000,1,1.11094,0.12656,14.20,-6.4567
520,73,slow,4000,200,1,1,0.5000,1,1.11280,0.13023,14.27,-5.6343
521,73,slow,4000,400,1,2,1.0000,1,1.11738,0.13709,14.40,-5.6848
522,74,slow,4000,0,1,0,0.0000,1,1.13191,0.15141,14.94,-6.4495
523,74,slow,4000,200,1,1,0.5000,1,1.13091,0.15148,14.89,-5.6954
524,74,slow,4000,400,1,2,1.0000,1,1.13417,0.15847,14.91,-6.2501
525,75,slow,4000,0,1,0,0.0000,1,1.12500,0.14285,14.71,-6.8190
526,75,slow,4000,200,1,1,0.5000,1,1.12169,0.14099,14.56,-6.0481
527,75,slow,4000,400,1,2,1.0000,1,1.12569,0.14549,14.72,-6.0841
528,76,slow,4000,0,1,0,0.0000,1,1.12654,0.14481,14.77,-6.8214
529,76,slow,4000,200,1,1,0.5000,1,1.13257,0.15337,14.96,-6.0578
530,76,slow,4000,400,1,2,1.0000,1,1.12482,0.14396,14.70,-6.0791
531,77,slow,4000,0,1,0,0.0000,1,1.12122,0.13909,14.56,-6.7416
532,77,slow,4000,200,1,1,0.5000,1,1.12495,0.14399,14.70,-6.0579
533,77,slow,4000,400,1,2,1.0000,1,1.12558,0.14562,14.71,-6.0845
534,78,slow,4000,0,1,0,0.0000,1,1.13116,0.15036,14.93,-6.7969
535,78,slow,4000,200,1,1,0.5000,1,1.13134,0.15226,14.92,-5.9652
536,78,slow,4000,400,1,2,1.0000,1,1.13030,0.15042,14.89,-6.1123
537,79,slow,4000,0,1,0,0.0000,1,1.13252,0.15280,14.97,-6.7670
538,79,slow,4000,200,1,1,0.5000,1,1.12581,0.14611,14.72,-6.0405
539,79,slow,4000,400,1,2,1.0000,1,1.12637,0.14665,14.73,-6.0511
540,80,slow,4000,0,1,0,0.0000,1,1.13241,0.15800,14.80,-6.8664
541,80,slow,4000,200,1,1,0.5000,1,1.13375,0.15731,14.91,-6.3487
542,80,slow,4000,400,1,2,1.0000,1,1.13494,0.15874,14.95,-6.3257
543,81,slow,4000,0,1,0,0.0000,1,1.12520,0.14322,14.72,-6.8018
544,81,slow,4000,200,1,1,0.5000,1,1.13086,0.15150,14.90,-6.0317
545,81,slow,4000,400,1,2,1.0000,1,1.12631,0.14625,14.73,-6.0692
546,82,slow,4000,0,1,0,0.0000,1,1.12560,0.14366,14.73,-6.8256
547,82,slow,4000,200,1,1,0.5000,1,1.12399,0.14279,14.66,-6.0902
548,82,slow,4000,400,1,2,1.0000,1,1.12569,0.14520,14.72,-6.0958
549,83,slow,4000,0,1,0,0.0000,1,1.13099,0.15502,14.77,-7.0249
550,83,slow,4000,200,1,1,0.5000,1,1.13359,0.15753,14.90,-6.3320
551,83,slow,4000,400,1,2,1.0000,1,1.13322,0.15666,14.90,-6.2789
552,84,slow,4000,0,1,0,0.0000,1,1.12426,0.14241,14.68,-6.7568
553,84,slow,4000,200,1,1,0.5000,1,1.12835,0.14914,14.79,-6.1644
554,84,slow,4000,400,1,2,1.0000,1,1.12564,0.14487,14.73,-6.0747
555,85,slow,4000,0,1,0,0.0000,1,1.13058,0.14964,14.91,-6.7706
556,85,slow,4000,200,1,1,0.5000,1,1.12607,0.14598,14.73,-6.0012
557,85,slow,4000,400,1,2,1.0000,1,1.13293,0.15322,14.99,-6.0512
558,86,slow,4000,0,1,0,0.0000,1,1.13127,0.15114,14.90,-6.3878
559,86,slow,4000,200,1,1,0.5000,1,1.13196,0.15547,14.84,-6.3303
560,86,slow,4000,400,1,2,1.0000,1,1.13680,0.15997,15.04,-6.3523
561,87,slow,4000,0,1,0,0.0000,1,1.12610,0.14415,14.76,-6.8000
562,87,slow,4000,200,1,1,0.5000,1,1.12426,0.14339,14.67,-6.1152
563,87,slow,4000,400,1,2,1.0000,1,1.12926,0.14974,14.84,-6.0234
564,88,slow,4000,0,1,0,0.0000,1,1.12692,0.14520,14.78,-6.8171
565,88,slow,4000,200,1,1,0.5000,1,1.13007,0.15028,14.88,-6.0381
566,88,slow,4000,400,1,2,1.0000,1,1.12531,0.14456,14.71,-6.0726
567,89,slow,4000,0,1,0,0.0000,1,1.11394,0.12985,14.30,-6.7293
568,89,slow,4000,200,1,1,0.5000,1,1.12010,0.13862,14.52,-5.9605
569,89,slow,4000,400,1,2,1.0000,1,1.11196,0.12739,14.25,-5.9787
570,90,slow,4000,0,1,0,0.0000,1,1.13228,0.15779,14.80,-6.8818
571,90,slow,4000,200,1,1,0.5000,1,1.13481,0.15863,14.95,-6.3684
572,90,slow,4000,400,1,2,1.0000,1,1.13331,0.15701,14.89,-6.2419
573,91,slow,4000,0,1,0,0.0000,1,1.12713,0.14514,14.80,-6.8218
574,91,slow,4000,200,1,1,0.5000,1,1.12544,0.14476,14.71,-6.1061
575,91,slow,4000,400,1,2,1.0000,1,1.12811,0.14811,14.81,-6.0315
576,92,slow,4000,0,1,0,0.0000,1,1.13201,0.15583,14.81,-6.9923
577,92,slow,4000,200,1,1,0.5000,1,1.13504,0.15835,14.98,-6.2985
578,92,slow,4000,400,1,2,1.0000,1,1.13566,0.15874,15.01,-6.1857
579,93,slow,4000,0,1,0,0.0000,1,1.13122,0.15013,14.95,-6.7784
580,93,slow,4000,200,1,1,0.5000,1,1.12527,0.14621,14.70,-5.8898
581,93,slow,4000,400,1,2,1.0000,1,1.12637,0.14630,14.74,-6.0466
582,94,slow,4000,0,1,0,0.0000,1,1.12620,0.14454,14.75,-6.8104
583,94,slow,4000,200,1,1,0.5000,1,1.12997,0.15021,14.87,-6.1297
584,94,slow,4000,400,1,2,1.0000,1,1.12759,0.14766,14.79,-5.9712
585,95,slow,4000,0,1,0,0.0000,1,1.12569,0.14397,14.73,-6.7969
586,95,slow,4000,200,1,1,0.5000,1,1.12959,0.15026,14.84,-6.0435
587,95,slow,4000,400,1,2,1.0000,1,1.13091,0.15123,14.91,-5.9874
588,96,slow,4000,0,1,0,0.0000,1,1.13068,0.15536,14.73,-7.0100
589,96,slow,4000,200,1,1,0.5000,1,1.13661,0.16004,15.02,-6.3474
590,96,slow,4000,400,1,2,1.0000,1,1.13528,0.15914,14.97,-6.2815
591,97,slow,4000,0,1,0,0.0000,1,1.12639,0.14443,14.77,-6.8146
592,97,slow,4000,200,1,1,0.5000,1,1.12642,0.14610,14.74,-6.0211
593,97,slow,4000,400,1,2,1.0000,1,1.12822,0.14830,14.81,-6.1250
594,98,slow,4000,0,1,0,0.0000,1,1.10963,0.12523,14.15,-6.4704
595,98,slow,4000,200,1,1,0.5000,1,1.11596,0.13472,14.38,-5.5863
596,98,slow,4000,400,1,2,1.0000,1,1.11366,0.13207,14.30,-5.7050
597,99,slow,4000,0,1,0,0.0000,1,1.12451,0.14250,14.69,-6.8027
598,99,slow,4000,200,1,1,0.5000,1,1.12560,0.14551,14.70,-6.1128
599,99,slow,4000,400,1,2,1.0000,1,1.12495,0.14539,14.66,-6.0987
